{"chunk_definitions":[{"row":11,"row_count":1,"visible":true,"expansion_state":0,"options":{"engine":"r","label":"setup","include":false},"document_id":"7CD137FB","chunk_id":"csetup_chunk","chunk_label":"setup"},{"row":17,"row_count":1,"visible":true,"expansion_state":0,"options":{"engine":"r","echo":false,"message":false,"warning":false,"label":"unnamed-chunk-8"},"document_id":"7CD137FB","chunk_id":"c17tuwp66eti7","chunk_label":"unnamed-chunk-1"},{"row":39,"row_count":1,"visible":true,"expansion_state":0,"options":{"engine":"r","echo":false,"message":false,"warning":false,"label":"unnamed-chunk-10"},"document_id":"7CD137FB","chunk_id":"c8225m8idsy7v","chunk_label":"unnamed-chunk-3"},{"row":52,"row_count":1,"visible":true,"expansion_state":0,"options":{"engine":"r","echo":false,"message":false,"warning":false,"label":"unnamed-chunk-9"},"document_id":"7CD137FB","chunk_id":"cjgsr7ls2icth","chunk_label":"unnamed-chunk-4"},{"row":57,"row_count":1,"visible":true,"expansion_state":0,"options":{"engine":"r","echo":false,"message":false,"warning":false,"label":"unnamed-chunk-11"},"document_id":"7CD137FB","chunk_id":"cpzat0yqyimkz","chunk_label":"unnamed-chunk-5"}],"doc_write_time":1614000533,"working_dir":null,"default_chunk_options":{"echo":true}}