{"chunk_definitions":[{"row":11,"row_count":1,"visible":true,"expansion_state":0,"options":{"engine":"r","label":"setup","include":false},"document_id":"7CD137FB","chunk_id":"csetup_chunk","chunk_label":"setup"},{"row":17,"row_count":1,"visible":true,"expansion_state":0,"options":{"engine":"r","echo":false,"message":false,"warning":false,"label":"unnamed-chunk-1"},"document_id":"7CD137FB","chunk_id":"c17tuwp66eti7","chunk_label":"unnamed-chunk-1"},{"row":39,"row_count":1,"visible":true,"expansion_state":0,"options":{"engine":"r","echo":false,"message":false,"warning":false,"label":"unnamed-chunk-10"},"document_id":"7CD137FB","chunk_id":"c8225m8idsy7v","chunk_label":"unnamed-chunk-3"},{"row":52,"row_count":1,"visible":true,"expansion_state":0,"options":{"engine":"r","echo":false,"message":false,"warning":false,"label":"unnamed-chunk-9"},"document_id":"7CD137FB","chunk_id":"cjgsr7ls2icth","chunk_label":"unnamed-chunk-4"},{"row":64,"row_count":1,"visible":true,"expansion_state":0,"options":{"engine":"r","label":"contrib","fig.width":4,"fig.height":4,"fig.align":"center","echo":true,"results":"asis","warning":false,"message":false,"cache":true},"document_id":"7CD137FB","chunk_id":"c47iqdlo8ivub","chunk_label":"unnamed-chunk-5"},{"row":74,"row_count":1,"visible":true,"expansion_state":0,"options":{"engine":"r","echo":false,"warning":false,"message":false,"label":"unnamed-chunk-4"},"document_id":"7CD137FB","chunk_id":"cbsks4fe6bpx7","chunk_label":"unnamed-chunk-6"}],"doc_write_time":1614001964,"working_dir":null,"default_chunk_options":{"echo":true}}