{"chunk_definitions":[{"row":10,"row_count":1,"visible":true,"expansion_state":0,"options":{"engine":"r","label":"setup","include":false},"document_id":"35833C1E","chunk_id":"csetup_chunk","chunk_label":"setup"},{"row":40,"row_count":1,"visible":true,"expansion_state":0,"options":{"engine":"r","message":false,"warning":false,"label":"unnamed-chunk-1"},"document_id":"35833C1E","chunk_id":"ch8gaio56vf35","chunk_label":"unnamed-chunk-1"},{"row":60,"row_count":1,"visible":true,"expansion_state":0,"options":{"engine":"r","echo":false,"message":false,"warning":false,"label":"unnamed-chunk-175"},"document_id":"35833C1E","chunk_id":"c0iqgcsk04sfu","chunk_label":"unnamed-chunk-3"},{"row":92,"row_count":1,"visible":true,"expansion_state":0,"options":{"engine":"r","warning":false,"message":false,"label":"unnamed-chunk-15"},"document_id":"35833C1E","chunk_id":"cggkzlbvl4urv","chunk_label":"unnamed-chunk-6"},{"row":102,"row_count":1,"visible":true,"expansion_state":0,"options":{"engine":"r","message":false,"label":"unnamed-chunk-23"},"document_id":"35833C1E","chunk_id":"ck7fo7cknxruq","chunk_label":"unnamed-chunk-7"},{"row":119,"row_count":1,"visible":true,"expansion_state":0,"options":{"engine":"r","echo":false,"message":false,"warning":false,"label":"unnamed-chunk-155"},"document_id":"35833C1E","chunk_id":"c8o4m9cdej2vm","chunk_label":"unnamed-chunk-8"},{"row":127,"row_count":1,"visible":true,"expansion_state":0,"options":{"engine":"r","echo":false,"message":false,"warning":false,"label":"unnamed-chunk-156"},"document_id":"35833C1E","chunk_id":"coyk6rdmxzctb","chunk_label":"unnamed-chunk-9"},{"row":138,"row_count":1,"visible":true,"expansion_state":0,"options":{"engine":"r","echo":false,"message":false,"warning":false,"label":"unnamed-chunk-157"},"document_id":"35833C1E","chunk_id":"cp08atuzu53g3","chunk_label":"unnamed-chunk-10"},{"row":198,"row_count":1,"visible":true,"expansion_state":0,"options":{"engine":"r","include":false,"message":false,"warning":false,"label":"unnamed-chunk-100"},"document_id":"35833C1E","chunk_id":"crzd23sdnmjkw","chunk_label":"unnamed-chunk-12"},{"row":237,"row_count":1,"visible":true,"expansion_state":0,"options":{"engine":"r","include":false,"message":false,"warning":false,"label":"unnamed-chunk-82"},"document_id":"35833C1E","chunk_id":"c4ae5yxb9btox","chunk_label":"unnamed-chunk-14"},{"row":263,"row_count":1,"visible":true,"expansion_state":0,"options":{"engine":"r","label":"unnamed-chunk-83"},"document_id":"35833C1E","chunk_id":"c3eya2u8l9v6j","chunk_label":"unnamed-chunk-15"},{"row":284,"row_count":1,"visible":true,"expansion_state":0,"options":{"engine":"r","label":"unnamed-chunk-86"},"document_id":"35833C1E","chunk_id":"cfndgysac3hl2","chunk_label":"unnamed-chunk-16"},{"row":305,"row_count":1,"visible":true,"expansion_state":0,"options":{"engine":"r","echo":false,"message":false,"warning":false,"label":"unnamed-chunk-88"},"document_id":"35833C1E","chunk_id":"cd419qfb0mt70","chunk_label":"unnamed-chunk-18"},{"row":332,"row_count":1,"visible":true,"expansion_state":0,"options":{"engine":"r","label":"unnamed-chunk-89"},"document_id":"35833C1E","chunk_id":"c1hl8bbzlsrpi","chunk_label":"unnamed-chunk-19"},{"row":360,"row_count":1,"visible":true,"expansion_state":0,"options":{"engine":"r","echo":false,"message":false,"warning":false,"label":"unnamed-chunk-93"},"document_id":"35833C1E","chunk_id":"crl22ryxv5kfn","chunk_label":"unnamed-chunk-21"},{"row":374,"row_count":1,"visible":true,"expansion_state":0,"options":{"engine":"r","echo":false,"message":false,"warning":false,"label":"unnamed-chunk-151"},"document_id":"35833C1E","chunk_id":"cbn3f6rqnd22q","chunk_label":"unnamed-chunk-23"},{"row":397,"row_count":1,"visible":true,"expansion_state":0,"options":{"engine":"r","label":"unnamed-chunk-103"},"document_id":"35833C1E","chunk_id":"cof2fkgkwf4hn","chunk_label":"unnamed-chunk-24"},{"row":415,"row_count":1,"visible":true,"expansion_state":0,"options":{"engine":"r","label":"unnamed-chunk-104"},"document_id":"35833C1E","chunk_id":"cido140tl8bj9","chunk_label":"unnamed-chunk-25"},{"row":419,"row_count":1,"visible":true,"expansion_state":0,"options":{"engine":"r","echo":false,"message":false,"warning":false,"label":"unnamed-chunk-105"},"document_id":"35833C1E","chunk_id":"c05utq65c0plq","chunk_label":"unnamed-chunk-26"},{"row":442,"row_count":1,"visible":true,"expansion_state":0,"options":{"engine":"r","echo":false,"message":false,"warning":false,"label":"unnamed-chunk-106"},"document_id":"35833C1E","chunk_id":"cq66h7x2qddf5","chunk_label":"unnamed-chunk-27"},{"row":449,"row_count":1,"visible":true,"expansion_state":0,"options":{"engine":"r","echo":false,"message":false,"warning":false,"label":"unnamed-chunk-150"},"document_id":"35833C1E","chunk_id":"cv3h4q7d0wos7","chunk_label":"unnamed-chunk-28"},{"row":489,"row_count":1,"visible":true,"expansion_state":0,"options":{"engine":"r","echo":false,"message":false,"warning":false,"label":"unnamed-chunk-152"},"document_id":"35833C1E","chunk_id":"c5o3fw482nvxh","chunk_label":"unnamed-chunk-30"},{"row":522,"row_count":1,"visible":true,"expansion_state":0,"options":{"engine":"r","echo":false,"message":false,"warning":false,"label":"unnamed-chunk-154"},"document_id":"35833C1E","chunk_id":"cfbxgv75f7p0b","chunk_label":"unnamed-chunk-32"},{"row":556,"row_count":1,"visible":true,"expansion_state":0,"options":{"engine":"r","echo":false,"message":false,"warning":false,"label":"unnamed-chunk-166"},"document_id":"35833C1E","chunk_id":"cqohefxlqx6mn","chunk_label":"unnamed-chunk-34"},{"row":601,"row_count":1,"visible":true,"expansion_state":0,"options":{"engine":"r","echo":false,"message":false,"warning":false,"label":"unnamed-chunk-170"},"document_id":"35833C1E","chunk_id":"c1y0fz5vnwwvg","chunk_label":"unnamed-chunk-35"},{"row":620,"row_count":1,"visible":true,"expansion_state":0,"options":{"engine":"r","echo":true,"warning":false,"message":false,"label":"unnamed-chunk-171"},"document_id":"35833C1E","chunk_id":"ccgfa1klc6g0o","chunk_label":"unnamed-chunk-36"},{"row":666,"row_count":1,"visible":true,"expansion_state":0,"options":{"engine":"r","echo":false,"message":false,"warning":false,"label":"unnamed-chunk-179"},"document_id":"35833C1E","chunk_id":"cr5677d69tgqn","chunk_label":"unnamed-chunk-37"},{"row":671,"row_count":1,"visible":true,"expansion_state":0,"options":{"engine":"r","label":"unnamed-chunk-180"},"document_id":"35833C1E","chunk_id":"cbcihuux6vhbd","chunk_label":"unnamed-chunk-38"},{"row":679,"row_count":1,"visible":true,"expansion_state":0,"options":{"engine":"r","echo":false,"message":false,"warning":false,"label":"unnamed-chunk-181"},"document_id":"35833C1E","chunk_id":"c2m55p73vs9iw","chunk_label":"unnamed-chunk-39"},{"row":686,"row_count":1,"visible":true,"expansion_state":0,"options":{"engine":"r","echo":false,"message":false,"warning":false,"label":"unnamed-chunk-182"},"document_id":"35833C1E","chunk_id":"cd5qsx5dp2yfh","chunk_label":"unnamed-chunk-40"},{"row":699,"row_count":1,"visible":true,"expansion_state":0,"options":{"engine":"r","echo":false,"message":false,"warning":false,"label":"unnamed-chunk-184"},"document_id":"35833C1E","chunk_id":"cwqhqnjkmyvgh","chunk_label":"unnamed-chunk-41"}],"doc_write_time":1614000330,"working_dir":null,"default_chunk_options":{"echo":true},"chunk_rendered_width":700}