{"chunk_definitions":[{"row":11,"row_count":1,"visible":true,"expansion_state":0,"options":{"engine":"r","label":"setup","include":false},"document_id":"2DD30B19","chunk_id":"csetup_chunk","chunk_label":"setup"},{"row":29,"row_count":1,"visible":true,"expansion_state":0,"options":{"engine":"r","message":false,"warning":false,"label":"unnamed-chunk-8"},"document_id":"2DD30B19","chunk_id":"c9nnba5642jkm","chunk_label":"unnamed-chunk-1"},{"row":59,"row_count":1,"visible":true,"expansion_state":0,"options":{"engine":"r","echo":false,"message":false,"warning":false,"label":"unnamed-chunk-6"},"document_id":"2DD30B19","chunk_id":"cxpv7w8pw9h68","chunk_label":"unnamed-chunk-3"},{"row":70,"row_count":1,"visible":true,"expansion_state":0,"options":{"engine":"r","echo":false,"message":false,"warning":false,"label":"unnamed-chunk-9"},"document_id":"2DD30B19","chunk_id":"co2php0kja0q9","chunk_label":"unnamed-chunk-4"},{"row":87,"row_count":1,"visible":true,"expansion_state":0,"options":{"engine":"r","label":"unnamed-chunk-10"},"document_id":"2DD30B19","chunk_id":"c4rwmb38201mx","chunk_label":"unnamed-chunk-5"},{"row":101,"row_count":1,"visible":true,"expansion_state":0,"options":{"engine":"r","echo":false,"warning":false,"message":false,"label":"unnamed-chunk-11"},"document_id":"2DD30B19","chunk_id":"cdrxcfcmmdf4e","chunk_label":"unnamed-chunk-6"},{"row":112,"row_count":1,"visible":true,"expansion_state":0,"options":{"engine":"r","echo":false,"warning":false,"message":false,"label":"unnamed-chunk-16"},"document_id":"2DD30B19","chunk_id":"cblntcmlwkefz","chunk_label":"unnamed-chunk-7"},{"row":124,"row_count":1,"visible":true,"expansion_state":0,"options":{"engine":"r","echo":false,"warning":false,"message":false,"label":"unnamed-chunk-17"},"document_id":"2DD30B19","chunk_id":"c1xty2t85tmk8","chunk_label":"unnamed-chunk-8"}],"doc_write_time":1613998285,"chunk_rendered_width":700}